Cycle,Resistance %
3.3288643,0.6889958
202.24323,0.73472375
393.89163,3.0776587
596.3703,6.8024096
798.8751,8.688065
